time,height,speed,v_y,v_x,angle_to_vertical,deployment_angle_needed
3.0009999999997805,374.1903406690369,250.57393238913343,235.33635115435044,86.04706513478696,0.3505345575572411,0.0
3.0009999999997805,379.1138977831032,253.87095781530624,238.43288209059187,87.17926336024469,0.3505345575572411,0.0
3.0009999999997805,379.31918529198106,250.30903579804965,238.8157494181744,74.97767155617099,0.30421091071221945,0.0
3.0009999999997805,383.74576432952864,250.08017699062816,241.8214415530254,63.73762883007669,0.2577119960947031,0.0
3.0009999999997805,384.0374548971695,257.167983241479,241.52941302683334,88.3114615857024,0.3505345575572411,0.0
3.0009999999997805,384.31022720371766,253.60257574276085,241.9580619105188,75.96421986612062,0.30421091071221945,0.0
3.0009999999997805,387.45626270345684,249.88817354043093,244.3428456057766,52.3514381525868,0.2110630349835094,0.0
3.0009999999997805,388.7950507022856,253.3707056352417,245.00330262609154,64.57628184099875,0.257711996094703,0.0
3.0009999999997805,388.96101201123577,260.46500866765183,244.6259439630748,89.44365981116013,0.3505345575572411,0.0
3.0009999999997805,389.30126911545426,256.89611568747205,245.1003744028632,76.95076817607023,0.30421091071221945,0.0
3.0009999999997805,390.43897979831587,249.7337193880986,246.37098225243975,40.84445743771821,0.1642901014409475,0.0
3.0009999999997805,392.55437142323916,253.17617582385765,247.5578830479579,53.04027286512084,0.2110630349835094,0.0
3.0009999999997805,392.6844296276744,249.61737810760002,247.89856042047046,29.24276311792214,0.11741998409188788,0.0
3.0009999999997805,393.8443370750426,256.66123427985525,248.18516369915767,65.41493485192082,0.2577119960947031,0.0
3.0009999999997805,393.88456912530205,263.76203409382464,247.72247489931624,90.57585803661786,0.3505345575572411,0.0
3.0009999999997805,394.29231102719086,260.1896556321832,248.2426868952076,77.93731648601985,0.30421091071221945,0.0
3.0009999999997805,395.57633479566215,253.01968938004725,249.61270570312976,41.38188450926713,0.16429010144094747,0.0
3.0009999999997805,397.6524801430215,256.46417810728434,250.77292049013914,53.72910757765487,0.21106303498350937,0.0
3.0009999999997805,397.8513300175122,252.90181729322634,251.1603835838977,29.62753631684217,0.11741998409188789,0.0
3.0009999999997805,398.80812623936833,267.05905951999745,250.8190058355577,91.70805626207559,0.3505345575572411,0.0
3.0009999999997805,398.89362344779954,259.95176292446877,251.36702477222377,66.25358786284288,0.2577119960947031,0.0
3.0009999999997805,399.28335293892746,263.4831955768944,251.384999387552,78.92386479596946,0.30421091071221945,0.0
3.0009999999997805,400.7136897930084,256.30565937199594,252.85442915381975,41.91931158081606,0.16429010144094747,0.0
3.0009999999997805,402.75058886280385,259.7521803907111,253.98795793232043,54.41794229018891,0.21106303498350937,0.0
3.0009999999997805,403.01823040735,256.18625647885267,254.42220674732494,30.012309515762198,0.11741998409188788,0.0
3.0009999999997805,403.73168335343456,270.3560849461703,253.91553677179917,92.8402544875333,0.3505345575572411,0.0
3.0009999999997805,403.94290982055645,263.2422915690823,254.5488858452899,67.09224087376494,0.2577119960947031,0.0
3.0009999999997805,404.27439485066407,266.7767355216056,254.52731187989642,79.91041310591909,0.30421091071221945,0.0
3.0009999999997805,405.8510447903547,259.5916293639446,256.09615260450977,42.45673865236498,0.16429010144094747,0.0
3.0009999999997805,407.84869758258617,263.04018267413784,257.2029953745017,55.10677700272295,0.21106303498350937,0.0
3.0009999999997805,408.18513079718787,259.47069566447897,257.6840299107522,30.397082714682227,0.11741998409188788,0.0
3.0009999999997805,408.6552404675008,273.65311037234306,257.0120677080406,93.97245271299101,0.35053455755724106,0.0
3.0009999999997805,408.9921961933134,266.5328202136958,257.73074691835603,67.930893884687,0.2577119960947031,0.0
3.0009999999997805,409.2654367624006,270.07027546631673,257.66962437224083,80.8969614158687,0.3042109107122194,0.0
3.0009999999997805,410.9883997877009,262.87759935589327,259.33787605519973,42.99416572391391,0.1642901014409475,0.0
3.0009999999997805,412.9468063023685,266.32818495756453,260.41803281668297,55.79561171525699,0.2110630349835094,0.0
3.0009999999997805,413.35203118702566,262.7551348501053,260.9458530741794,30.781855913602257,0.1174199840918879,0.0
3.0009999999997805,413.5787975815671,276.9501357985159,260.10859864428204,95.10465093844874,0.3505345575572411,0.0
3.0009999999997805,414.0414825660704,269.8233488583094,260.9126079914222,68.76954689560907,0.2577119960947031,0.0
3.0009999999997805,414.25647867413716,273.36381541102793,260.81193686458516,81.88350972581831,0.30421091071221945,0.0
3.0009999999997805,416.1257547850472,266.16356934784193,262.57959950588975,43.53159279546283,0.16429010144094747,0.0
3.0009999999997805,418.0449150221508,269.6161872409913,263.6330702588642,56.48444642779103,0.21106303498350942,0.0
3.0009999999997805,418.50235469563336,280.2471612246887,263.2051295805235,96.23684916390647,0.3505345575572411,0.0
3.0009999999997805,418.5189315768635,266.0395740357316,264.2076762376067,31.166629112522283,0.11741998409188788,0.0
3.0009999999997805,419.0907689388273,273.11387750292283,264.09446906448824,69.60819990653111,0.2577119960947031,0.0
3.0009999999997805,419.24752058587376,276.65735535573907,263.95424935692955,82.87005803576793,0.30421091071221945,0.0
3.0009999999997805,421.2631097823935,269.4495393397906,265.82132295657976,44.069019867011754,0.16429010144094747,0.0
3.0009999999997805,423.1430237419331,272.904189524418,266.8481077010455,57.17328114032505,0.21106303498350937,0.0
3.0009999999997805,423.42591180969964,283.5441866508615,266.30166051676497,97.3690473893642,0.3505345575572411,0.0
3.0009999999997805,423.68583196670136,269.3240132213579,267.46949940103394,31.551402311442313,0.11741998409188788,0.0
3.0009999999997805,424.14005531158426,276.40440614753635,267.2763301375544,70.44685291745317,0.257711996094703,0.0
3.0009999999997805,424.23856249761036,279.95089530045027,267.096561849274,83.85660634571755,0.30421091071221945,0.0
3.0009999999997805,426.4004647797397,272.73550933173925,269.0630464072697,44.60644693856067,0.16429010144094747,0.0
3.0009999999997805,428.24113246171544,276.19219180784467,270.0631451432268,57.86211585285909,0.21106303498350934,0.0
3.0009999999997805,428.3494689237659,286.8412120770343,269.3981914530064,98.50124561482191,0.3505345575572411,0.0
3.0009999999997805,428.8527323565391,272.6084524069842,270.73132256446115,31.936175510362336,0.11741998409188788,0.0
3.0009999999997805,429.18934168434123,279.6949347921499,270.4581912106205,71.28550592837524,0.2577119960947031,0.0
3.0009999999997805,429.22960440934696,283.24443524516147,270.2388743416184,84.84315465566716,0.30421091071221945,0.0
3.0009999999997805,431.537819777086,276.0214793236879,272.30476985795974,45.1438740101096,0.16429010144094747,0.0
3.0009999999997805,433.2730260378322,290.1382375032071,272.49472238924784,99.63344384027964,0.3505345575572411,0.0
3.0009999999997805,433.33924118149775,279.4801940912714,273.27818258540805,58.55095056539313,0.21106303498350937,0.0
3.0009999999997805,434.01963274637694,275.89289159261057,273.99314572788836,32.32094870928237,0.1174199840918879,0.0
3.0009999999997805,434.22064632108356,286.5379751898726,273.3811868339628,85.82970296561679,0.30421091071221945,0.0
3.0009999999997805,434.2386280570982,282.98546343676344,273.64005228368666,72.1241589392973,0.2577119960947031,0.0
3.0009999999997805,436.6751747744322,279.3074493156366,275.5464933086497,45.68130108165852,0.16429010144094747,0.0
3.0009999999997805,438.1965831518985,293.4352629293799,275.59125332548933,100.76564206573737,0.3505345575572411,0.0
3.0009999999997805,438.43734990128013,282.76819637469816,276.4932200275893,59.23978527792717,0.2110630349835094,0.0
3.0009999999997805,439.18653313621473,279.17733077823686,277.2549688913156,32.70572190820239,0.11741998409188788,0.0
3.0009999999997805,439.21168823282017,289.8315151345838,276.5234993263072,86.81625127556642,0.30421091071221945,0.0
3.0009999999997805,439.28791442985516,286.27599208137696,276.82191335675276,72.96281195021936,0.2577119960947031,0.0
3.0009999999997805,441.8125297717785,282.59341930758524,278.7882167593397,46.218728153207444,0.16429010144094747,0.0
3.0009999999997805,443.1201402659648,296.7322883555527,278.68778426173077,101.89784029119508,0.3505345575572411,0.0
3.0009999999997805,443.53545862106245,286.05619865812486,279.70825746977056,59.92861999046121,0.21106303498350942,0.0
3.0009999999997805,444.20273014455677,293.125055079295,279.6658118186516,87.80279958551603,0.30421091071221945,0.0
3.0009999999997805,444.3372008026121,289.56652072599053,280.00377442981886,73.80146496114143,0.25771199609470313,0.0
3.0009999999997805,444.3534335260526,282.46176996386316,280.5167920547429,33.09049510712242,0.11741998409188788,0.0
3.0009999999997805,446.94988476912476,285.8793892995339,282.02994021002974,46.75615522475637,0.16429010144094747,0.0
3.0009999999997805,448.04369738003106,300.02931378172553,281.7843151979722,103.03003851665281,0.3505345575572411,0.0
3.0009999999997805,448.63356734084476,289.3442009415516,282.92329491195187,60.61745470299524,0.21106303498350937,0.0
3.0009999999997805,449.19377205629337,296.4185950240062,282.808124310996,88.78934789546565,0.3042109107122195,0.0
3.0009999999997805,449.38648717536904,292.85704937060405,283.185635502885,74.64011797206349,0.2577119960947031,0.0
3.0009999999997805,449.5203339158904,285.7462091494895,283.7786152181701,33.47526830604245,0.11741998409188789,0.0
3.0009999999997805,452.08723976647104,289.16535929148256,285.2716636607197,47.293582296305296,0.1642901014409475,0.0
3.0009999999997805,452.96725449409735,303.32633920789834,284.8808461342137,104.16223674211054,0.3505345575572411,0.0
3.0009999999997805,453.7316760606271,292.6322032249783,286.1383323541331,61.30628941552928,0.21106303498350937,0.0
3.0009999999997805,454.18481396802997,299.71213496871735,285.9504368033404,89.77589620541526,0.30421091071221945,0.0
3.0009999999997805,454.435773548126,296.14757801521756,286.3674965759511,75.47877098298555,0.2577119960947031,0.0
3.0009999999997805,454.6872343057282,289.0306483351158,287.04043838159737,33.86004150496248,0.11741998409188789,0.0
3.0009999999997805,457.22459476381727,292.4513292834312,288.5133871114097,47.83100936785422,0.1642901014409475,0.0
3.0009999999997805,457.8908116081636,306.62336463407115,287.97737707045513,105.29443496756825,0.3505345575572411,0.0
3.0009999999997805,458.8297847804094,295.92020550840505,289.3533697963144,61.99512412806332,0.2110630349835094,0.0
3.0009999999997805,459.1758558797666,303.00567491342855,289.0927492956848,90.76244451536489,0.30421091071221945,0.0
3.0009999999997805,459.485059920883,299.4381066598311,289.5493576490173,76.31742399390761,0.257711996094703,0.0
3.0009999999997805,459.8541346955661,292.3150875207421,290.30226154502463,34.24481470388251,0.11741998409188789,0.0
3.0009999999997805,462.36194976116354,295.7372992753799,291.75511056209973,48.36843643940314,0.16429010144094747,0.0
3.0009999999997805,462.8143687222298,309.92039006024396,291.07390800669657,106.42663319302598,0.3505345575572411,0.0
3.0009999999997805,463.9278935001918,299.20820779183174,292.5684072384957,62.683958840597356,0.21106303498350937,0.0
3.0009999999997805,464.1668977915031,306.2992148581397,292.23506178802916,91.74899282531449,0.30421091071221945,0.0
3.0009999999997805,464.53434629363994,302.72863530444465,292.7312187220834,77.15607700482968,0.2577119960947031,0.0
3.0009999999997805,465.02103508540387,295.59952670636847,293.56408470845184,34.629587902802534,0.11741998409188788,0.007382282541699647
3.0009999999997805,467.4993047585098,299.0232692673286,294.9968340127897,48.90586351095207,0.1642901014409475,0.015052186481127855
3.0009999999997805,467.7379258362961,313.21741548641677,294.170438942938,107.55883141848369,0.3505345575572411,0.0
3.0009999999997805,469.0260022199741,302.4962100752585,295.78344468067695,63.372793553131395,0.2110630349835094,0.014668691284156442
3.0009999999997805,469.15793970323966,309.5927548028509,295.37737428037354,92.73554113526411,0.3042109107122195,0.0
3.0009999999997805,469.58363266639685,306.0191639490581,295.9130797951495,77.99473001575173,0.2577119960947031,0.006615292147756828
3.0009999999997805,470.1879354752417,298.88396589199476,296.8259078718791,35.014361101722564,0.11741998409188788,0.038253645897898175
3.0009999999997805,472.6366597558561,302.30923925927726,298.2385574634797,49.44329058250099,0.16429010144094747,0.04534830704186926
3.0009999999997805,472.66148295036237,316.5144409125896,297.2669698791795,108.69102964394142,0.3505345575572411,0.0
3.0009999999997805,474.12411093975635,305.7842123586852,298.9984821228582,64.06162826566542,0.21106303498350937,0.044197821450955035
3.0009999999997805,474.14898161497626,312.88629474756203,298.519686772718,93.72208944521373,0.3042109107122194,0.019462381246299076
3.0009999999997805,474.6329190391538,309.3096925936716,299.0949408682156,78.83338302667379,0.2577119960947031,0.035569179519098305
3.0009999999997805,475.3548358650795,302.1684050776211,300.0877310353064,35.399134300642594,0.11741998409188788,0.06874151405712528
3.0009999999997805,477.58504006442865,319.8114663387624,300.36350081542093,109.82322786939915,0.3505345575572411,0.023489080814498877
3.0009999999997805,477.7740147532023,305.59520925122587,301.48028091416967,49.98071765404991,0.1642901014409475,0.07526093240563926
3.0009999999997805,479.14002352671287,316.17983469227323,301.6619992650624,94.70863775516335,0.30421091071221945,0.047265783026726314
3.0009999999997805,479.2222196595387,309.07221464211193,302.21351956503946,64.75046297819947,0.2110630349835094,0.07353520401926793
3.0009999999997805,479.6822054119108,312.6002212382852,302.27680194128175,79.67203603759586,0.2577119960947031,0.06413957169346837
3.0009999999997805,480.5217362549173,305.45284426324736,303.3495541987336,35.783907499562616,0.11741998409188786,0.0990376346178667
3.0009999999997805,482.50859717849494,323.1084917649352,303.46003175166237,110.95542609485688,0.3505345575572411,0.050141997004011896
3.0009999999997805,482.91136975054854,308.88117924317453,304.7220043648597,50.51814472559883,0.16429010144094747,0.10498181017092358
3.0009999999997805,484.13106543844947,319.47337463698443,304.80431175740677,95.69518606511296,0.30421091071221945,0.07487743720866785
3.0009999999997805,484.32032837932104,312.3602169255386,305.4285570072207,65.4392976907335,0.2110630349835094,0.10268083898909512
3.0009999999997805,484.7314917846677,315.8907498828987,305.45866301434785,80.51068904851792,0.2577119960947031,0.09251821626935272
3.0009999999997805,485.68863664475515,308.7372834488737,306.6113773621608,36.168680698482646,0.11741998409188789,0.1291420075801224
3.0009999999997805,487.4321542925612,326.405517191108,306.55656268790386,112.08762432031459,0.35053455755724106,0.07679491319352491
3.0009999999997805,488.0487247478948,312.1671492351232,307.9637278155497,51.055571797147756,0.16429010144094744,0.13470268793620788
3.0009999999997805,489.12210735018607,322.76691458169563,307.94662424975115,96.68173437506259,0.3042109107122195,0.10229734379212371
3.0009999999997805,489.41843709910336,315.6482192089654,308.64359444940203,66.12813240326753,0.21106303498350934,0.1316347263604366
3.0009999999997805,489.78077815742466,319.18127852751223,308.640524087414,81.34934205943998,0.257711996094703,0.1207051132467514
3.0009999999997805,490.85553703459294,312.0217226345,309.87320052558806,36.553453897402676,0.11741998409188788,0.15924638054237816
3.0009999999997805,492.3557114066275,329.7025426172808,309.6530936241453,113.21982254577232,0.3505345575572411,0.10325608178455223
3.0009999999997805,493.1860797452411,315.4531192270719,311.20545126623966,51.59299886869668,0.16429010144094747,0.16404007050452074
3.0009999999997805,494.1131492619227,326.0604545264068,311.0889367420956,97.6682826850122,0.3042109107122194,0.12952550277709385
3.0009999999997805,494.5165458188857,318.93622149239206,311.8586318915833,66.81696711580157,0.2110630349835094,0.16058861373177807
3.0009999999997805,494.83006453018163,322.47180717212575,311.8223851604801,82.18799507036204,0.2577119960947031,0.14889201022415005
3.0009999999997805,496.0224374244308,315.3061618201263,313.13502368901527,36.938227096322706,0.1174199840918879,0.1891590059061481
3.0009999999997805,497.2792685206938,332.9995680434536,312.74962456038674,114.35202077123004,0.3505345575572411,0.12952550277709385
3.0009999999997805,498.3234347425874,318.73908921902057,314.4471747169297,52.13042594024561,0.16429010144094747,0.19356920067131933
3.0009999999997805,499.1041911736593,329.35399447111797,314.23124923444,98.65483099496183,0.30421091071221945,0.15675366176206396
3.0009999999997805,499.61465453866805,322.2242237758188,315.07366933376454,67.5058018283356,0.2110630349835094,0.18935075350463382
3.0009999999997805,499.8793509029386,325.7623358167393,315.00424623354627,83.02664808128411,0.2577119960947031,0.176887159603063
3.0009999999997805,501.1893378142686,318.59060100575266,316.39684685244254,37.323000295242736,0.11741998409188789,0.2188798836714324
3.0009999999997805,502.2028256347601,336.29659346962643,315.8461554966282,115.48421899668776,0.35053455755724106,0.15579492376963544
3.0009999999997805,503.4607897399336,322.02505921096923,317.6888981676197,52.66785301179453,0.16429010144094744,0.22290658323963225
3.0009999999997805,504.0952330853959,332.64753441582917,317.3735617267844,99.64137930491145,0.3042109107122195,0.18398182074703406
3.0009999999997805,504.71276325845037,325.5122260592455,318.28870677594585,68.19463654086965,0.2110630349835094,0.21811289327748956
3.0009999999997805,504.92863727569556,329.05286446135284,318.18610730661237,83.86530109220617,0.2577119960947031,0.20488230898197596
3.0009999999997805,506.35623820410643,321.87504019137896,319.6586700158698,37.70777349416276,0.11741998409188788,0.24879250903520245
3.0009999999997805,507.12638274882636,339.59361889579924,318.94268643286966,116.61641722214549,0.3505345575572411,0.1818725971636913
3.0009999999997805,508.5981447372799,325.3110292029179,320.93062161830966,53.20528008334345,0.16429010144094747,0.25205221820945944
3.0009999999997805,509.0862749971325,335.9410743605403,320.5158742191288,100.62792761486106,0.30421091071221945,0.2110182321335185
3.0009999999997805,509.8108719782327,328.80022834267226,321.5037442181271,68.88347125340368,0.21106303498350937,0.2466832854518597
3.0009999999997805,509.97792364845253,332.34339310596636,321.3679683796785,84.70395410312823,0.2577119960947031,0.2328774583608889
3.0009999999997805,511.5231385939442,325.1594793770053,322.920493179297,38.09254669308279,0.11741998409188789,0.2785133868004867
3.0009999999997805,512.0499398628926,342.89064432197205,322.0392173691111,117.74861544760321,0.3505345575572411,0.20795027055774723
3.0009999999997805,513.7354997346262,328.59699919486656,324.1723450689997,53.74270715489238,0.16429010144094747,0.28138960077777225
3.0009999999997805,514.0773169088691,339.2346143052515,323.6581867114732,101.61447592481069,0.30421091071221945,0.23805464352000294
3.0009999999997805,514.9089806980151,332.088230626099,324.71878166030837,69.57230596593772,0.21106303498350937,0.2752536776262297
3.0009999999997805,515.0272100212095,335.63392175057993,324.54982945274463,85.5426071140503,0.2577119960947031,0.26068086014131614
3.0009999999997805,516.6900389837821,328.4439185626316,326.1823163427243,38.47731989200282,0.11741998409188789,0.308234264565771
3.0009999999997805,516.9734969769589,346.18766974814486,325.1357483053526,118.88081367306094,0.3505345575572411,0.2340279439518031
3.0009999999997805,518.8728547319724,331.8829691868152,327.4140685196897,54.280134226441305,0.16429010144094747,0.31072698334608523
3.0009999999997805,519.0683588206057,342.5281542499627,326.8004992038176,102.6010242347603,0.30421091071221945,0.2650910549064874
3.0009999999997805,520.0070894177974,335.3762329095257,327.9338191024897,70.26114067847176,0.21106303498350937,0.3040158173990855
3.0009999999997805,520.0764963939664,338.92445039519345,327.73169052581073,86.38126012497236,0.2577119960947031,0.2886760095202291
3.0009999999997805,521.8569393736199,331.7283577482579,329.44413950615154,38.86209309092285,0.11741998409188788,0.33814688992954095
3.0009999999997805,521.8970540910252,349.48469517431766,328.23227924159403,120.01301189851866,0.3505345575572411,0.2601056173458591
3.0009999999997805,524.0102097293187,335.1689391787639,330.65579197037965,54.81756129799023,0.1642901014409475,0.34006436591439804
3.0009999999997805,524.0594007323423,345.8216941946739,329.942811696162,103.58757254470993,0.3042109107122195,0.29212746629297176
3.0009999999997805,525.1051981375797,338.66423519295245,331.14885654467093,70.9499753910058,0.21106303498350937,0.33277795717194125
3.0009999999997805,525.1257827667234,342.21497903980696,330.9135515988769,87.21991313589442,0.2577119960947031,0.3164794113006564
3.0009999999997805,526.8206112050915,352.7817206004905,331.32881017783546,121.14521012397638,0.3505345575572411,0.28618329073991494
3.0009999999997805,527.0238397634578,335.01279693388426,332.70596266957875,39.24686628984288,0.1174199840918879,0.368059515293311
3.0009999999997805,529.0504426440789,349.11523413938505,333.0851241885064,104.57412085465954,0.30421091071221945,0.31916387767945625
3.0009999999997805,529.147564726665,338.45490917071254,333.89751542106967,55.35498836953915,0.16429010144094747,0.3695934960811966
3.0009999999997805,530.1750691394803,345.5055076844205,334.095412671943,88.05856614681647,0.2577119960947031,0.344666308278055
3.0009999999997805,530.203306857362,341.95223747637914,334.3638939868522,71.63881010353984,0.2110630349835094,0.36154009694479705
3.0009999999997805,531.7441683191578,356.0787460266633,334.42534111407696,122.27740834943411,0.3505345575572411,0.3122609641339709
3.0009999999997805,532.1907401532956,338.29723611951056,335.967785833006,39.6316394887629,0.11741998409188788,0.39816388825556676
3.0009999999997805,534.0414845558155,352.40877408409625,336.2274366808508,105.56066916460917,0.30421091071221945,0.34639203666442636
3.0009999999997805,534.2849197240113,341.7408791626612,337.1392388717597,55.892415441088076,0.16429010144094747,0.39931437384648094
3.0009999999997805,535.2243555122374,348.79603632903405,337.27727374500915,88.89721915773855,0.2577119960947031,0.3726614576569679
3.0009999999997805,535.3014155771443,345.2402397598059,337.5789314290335,72.32764481607387,0.21106303498350937,0.3904939843161385
3.0009999999997805,536.6677254332241,359.3757714528361,337.5218720503184,123.40960657489184,0.3505345575572411,0.3385303851265124
3.0009999999997805,537.3576405431334,341.5816753051369,339.2296089964333,40.01641268768293,0.11741998409188788,0.42846000881630814
3.0009999999997805,539.0325264675521,355.70231402880745,339.3697491731952,106.54721747455878,0.30421091071221945,0.37362019564939647
3.0009999999997805,539.4222747213574,345.0268491546099,340.38096232244965,56.429842512637,0.1642901014409475,0.42903525161176526
3.0009999999997805,540.2736418849943,352.08656497364757,340.45913481807526,89.7358721686606,0.2577119960947031,0.4010401022328523
3.0009999999997805,540.3995242969266,348.5282420432326,340.79396887121476,73.0164795286079,0.21106303498350937,0.41963961928596577
3.0009999999997805,541.5912825472903,362.6727968790089,340.61840298655983,124.54180480034955,0.3505345575572411,0.3646080585205683
3.0009999999997805,542.5245409329711,344.8661144907632,342.4914321598605,40.40118588660296,0.11741998409188789,0.45894787697553524
3.0009999999997805,544.0235683792887,358.9958539735186,342.5120616655396,107.5337657845084,0.3042109107122195,0.4010401022328523
3.0009999999997805,544.5596297187037,348.3128191465586,343.62268577313966,56.96726958418593,0.1642901014409475,0.45913962457402097
3.0009999999997805,545.3229282577513,355.3770936182611,343.64099589114136,90.57452517958266,0.2577119960947031,0.42941874680873665
3.0009999999997805,545.497633016709,351.81624432665933,344.009006313396,73.70531424114195,0.2110630349835094,0.44897700185427863
3.0009999999997805,546.5148396613566,365.9698223051817,343.7149339228013,125.67400302580728,0.3505345575572411,0.39106922711159564
3.0009999999997805,547.691441322809,348.1505536763895,345.75325532328776,40.78595908552299,0.11741998409188788,0.4898192403317338
3.0009999999997805,549.0146102910253,362.2893939182298,345.65437415788404,108.52031409445802,0.30421091071221945,0.42846000881630814
3.0009999999997805,549.69698471605,351.59878913850724,346.8644092238297,57.50469665573485,0.16429010144094747,0.4894357451347624
3.0009999999997805,550.3722146305082,358.6676222628746,346.8228569642075,91.41317819050472,0.2577119960947031,0.4579891389831067
3.0009999999997805,550.5957417364913,355.1042466100861,347.2240437555773,74.39414895367598,0.21106303498350937,0.47850613202107717
3.0009999999997805,551.4383967754229,369.2668477313545,346.81146485904276,126.80620125126501,0.3505345575572411,0.41753039570262296
3.0009999999997805,552.8583417126468,351.43499286201586,349.01507848671497,41.17073228444302,0.1174199840918879,0.520882351286418
3.0009999999997805,554.0056522027619,365.582933862941,348.7966866502284,109.50686240440764,0.30421091071221945,0.4562634105967354
3.0009999999997805,554.8343397133963,354.8847591304559,350.1061326745197,58.04212372728377,0.16429010144094747,0.5199236132939895
3.0009999999997805,555.4215010032651,361.9581509074882,350.0047180372736,92.2518312014268,0.2577119960947031,0.48694302635444825
3.0009999999997805,555.6938504562737,358.3922488935128,350.4390811977586,75.08298366621003,0.2110630349835094,0.5084187573848473
3.0009999999997805,556.361953889489,372.56387315752727,349.90799579528414,127.93839947672271,0.3505345575572411,0.444183311892136
3.0009999999997805,558.0252421024846,354.71943204764216,352.27690165014224,41.55550548336305,0.11741998409188789,0.5523289574380736
3.0009999999997805,558.9966941144985,368.8764738076522,351.9389991425728,110.49341071435725,0.30421091071221945,0.4842585599756484
3.0009999999997805,559.9716947107426,358.17072912240457,353.34785612520966,58.5795507988327,0.16429010144094747,0.5509867242486737
3.0009999999997805,560.4707873760221,365.2486795521017,353.1865791103398,93.09048421234885,0.2577119960947031,0.5160886613242754
3.0009999999997805,560.791959176056,361.6802511769395,353.65411863993984,75.77181837874406,0.2110630349835094,0.538523130347103
3.0009999999997805,561.2855110035554,375.8608985837002,353.0045267315257,129.07059770218046,0.3505345575572411,0.47083622808164893
3.0009999999997805,563.1921424923225,358.00387123326846,355.5387248135695,41.94027868228307,0.11741998409188788,0.5843508063851863
3.0009999999997805,563.9877360262349,372.1700137523633,355.08131163491714,111.47995902430685,0.30421091071221945,0.512445456953047
3.0009999999997805,565.1090497080888,361.4566991143532,356.5895795758997,59.116977870381625,0.16429010144094747,0.5822415828018437
3.0009999999997805,565.520073748779,368.5392081967152,356.3684401834059,93.92913722327091,0.2577119960947031,0.5454260438925882
3.0009999999997805,565.8900678958383,364.9682534603662,356.86915608212115,76.46065309127809,0.21106303498350934,0.5692027461048157
3.0009999999997805,566.2090681176215,379.1579240098729,356.10105766776707,130.20279592763816,0.3505345575572411,0.4978726394681335
3.0009999999997805,568.3590428821603,361.2883104188948,358.8005479769967,42.3250518812031,0.11741998409188789,0.6167561505292707
3.0009999999997805,568.9787779379716,375.46355369707453,358.22362412726164,112.46650733425649,0.30421091071221945,0.5408241015289312
3.0009999999997805,570.2464047054351,364.7426691063019,359.8313030265897,59.654404941930544,0.16429010144094747,0.6142634317489564
3.0009999999997805,570.569360121536,371.82973684132867,359.5503012564719,94.76779023419296,0.2577119960947031,0.5753386692563585
3.0009999999997805,570.9881766156207,368.25625574379296,360.0841935243024,77.14948780381214,0.2110630349835094,0.6000741094610142
3.0009999999997805,571.1326252316878,382.4549494360457,359.1975886040085,131.3349941530959,0.3505345575572411,0.5251007984531035
3.0009999999997805,573.5259432719981,364.5727496045211,362.062371140424,42.70982508012313,0.11741998409188789,0.6497367374688119
3.0009999999997805,573.9698198497081,378.7570936417856,361.365936619606,113.45305564420609,0.30421091071221945,0.5695862413017871
3.0009999999997805,575.3837597027814,368.02863909825055,363.07302647727965,60.19183201347947,0.16429010144094747,0.6466687758930407
3.0009999999997805,575.618646494293,375.1202654859423,362.73216232953814,95.60644324511505,0.2577119960947031,0.6056347898170997
3.0009999999997805,576.0561823457541,385.7519748622185,362.29411954025,132.4671923785536,0.35053455755724106,0.5525207050365593
3.0009999999997805,576.0862853354029,371.5442580272196,363.2992309664836,77.83832251634615,0.21106303498350937,0.6317124632111557
3.0009999999997805,578.6928436618359,367.85718879014746,365.32419430385124,43.09459827904316,0.11741998409188788,0.683484314802296
3.0009999999997805,578.9608617614447,382.0506335864968,364.50824911195036,114.43960395415571,0.30421091071221945,0.5987318762716143
3.0009999999997805,580.5211147001276,371.31460909019916,366.3147499279696,60.72925908502838,0.16429010144094747,0.6796493628325819
3.0009999999997805,580.6679328670499,378.41079413055576,365.9140234026042,96.44509625603709,0.2577119960947031,0.6363144055748127
3.0009999999997805,580.9797394598204,389.0490002883913,365.39065047649143,133.59939060401132,0.3505345575572411,0.5803241068169867
3.0009999999997805,581.1843940551853,374.8322603106464,366.5142684086649,78.52715722888021,0.21106303498350942,0.6637343121582683
3.0009999999997805,583.8597440516737,371.1416279757737,368.5860174672784,43.47937147796318,0.11741998409188788,0.7178071349312372
3.0009999999997805,583.9519036731813,385.344173531208,367.65056160429475,115.42615226410533,0.30421091071221945,0.6282610064384131
3.0009999999997805,585.6584696974738,374.60057908214793,369.5564733786597,61.26668615657732,0.16429010144094747,0.713396940166066
3.0009999999997805,585.7172192398068,381.7013227751693,369.09588447567035,97.28374926695915,0.2577119960947031,0.6673775165294968
3.0009999999997805,585.9032965738867,392.3460257145642,368.48718141273287,134.73158882946905,0.3505345575572411,0.6085110037943853
3.0009999999997805,586.2825027749675,378.12026259407304,369.7293058508462,79.21599194141423,0.21106303498350937,0.6963314039008384
3.0009999999997805,588.9429455849179,388.6377134759192,370.79287409663914,116.41270057405495,0.3042109107122195,0.6581736318021829
3.0009999999997805,589.0266444415116,374.42606716140006,371.8478406307057,43.864144676883214,0.11741998409188788,0.7530886930526068
3.0009999999997805,590.7665056125637,384.9918514197828,372.27774554873645,98.1224022778812,0.2577119960947031,0.6992076178781239
3.0009999999997805,590.79582469482,377.88654907409654,372.7981968293496,61.80411322812623,0.16429010144094747,0.7481032554919785
3.0009999999997805,590.826853687953,395.643051140737,371.58371234897436,135.86378705492677,0.3505345575572411,0.6368896483702697
3.0009999999997805,591.3806114947499,381.4082648774998,372.94434329302743,79.90482665394826,0.21106303498350937,0.7296954860373509
3.0009999999997805,593.9339874966545,391.93125342063036,373.9351865889836,117.39924888400456,0.30421091071221945,0.6888532475598959
3.0009999999997805,594.1935448313493,377.7105063470263,375.10966379413287,44.24891787580324,0.11741998409188789,0.7853981633974483
3.0009999999997805,595.7504108020192,398.9400765669098,374.6802432852158,136.9959852803845,0.3505345575572411,0.665843535741611
3.0009999999997805,595.8157919853207,388.2823800643963,375.45960662180255,98.96105528880327,0.2577119960947031,0.7318047096206937
3.0009999999997805,595.9331796921663,381.1725190660452,376.0399202800396,62.34154029967515,0.16429010144094747,0.7835765612118342
3.0009999999997805,596.4787202145322,384.69626716092654,376.1593807352087,80.59366136648231,0.2110630349835094,0.7638265585678063
3.0009999999997805,598.9250294083911,395.22479336534155,377.07749908132797,118.38579719395419,0.30421091071221945,0.71991635851458
3.0009999999997805,599.3604452211872,380.99494553265265,378.37148695756014,44.63369107472327,0.11741998409188789,0.7853981633974483
3.0009999999997805,600.6739679160855,402.2371019930826,377.77677422145723,138.12818350584223,0.3505345575572411,0.6953726659084098
3.0009999999997805,600.8650783580777,391.5729087090099,378.6414676948687,99.79970829972534,0.2577119960947031,0.7649770441587207
3.0009999999997805,601.0705346895126,384.45848905799386,379.28164373072957,62.87896737122408,0.16429010144094747,0.7853981633974483
3.0009999999997805,601.5768289343146,387.98426944435323,379.37441817739,81.28249607901634,0.21106303498350937,0.7853981633974483
3.0009999999997805,603.9160713201277,398.51833331005275,380.21981157367236,119.3723455039038,0.30421091071221945,0.7517464598632069
3.0009999999997805,604.527345611025,384.27938471827895,381.6333101209874,45.018464273643296,0.11741998409188788,0.7853981633974483
3.0009999999997805,605.5975250301518,405.5341274192554,380.8733051576987,139.26038173129996,0.3505345575572411,0.7254770388706653
3.0009999999997805,605.9143647308347,394.8634373536234,381.8233287679348,100.6383613106474,0.2577119960947031,0.7853981633974483
3.0009999999997805,606.2078896868588,387.7444590499425,382.5233671814196,63.416394442773004,0.16429010144094747,0.7853981633974483
3.0009999999997805,606.6749376540969,391.27227172778,382.58945561957125,81.97133079155039,0.2110630349835094,0.7853981633974483
3.0009999999997805,608.9071132318643,401.8118732547639,383.36212406601675,120.35889381385343,0.3042109107122195,0.7845352992042627
3.0009999999997805,609.6942460008628,387.5638239039053,384.8951332844146,45.403237472563326,0.1174199840918879,0.7853981633974483
3.0009999999997805,610.5210821442181,408.8311528454282,383.96983609394016,140.3925799567577,0.3505345575572411,0.7561566546283782
3.0009999999997805,610.9636511035916,398.1539659982369,385.00518984100097,101.47701432156946,0.2577119960947031,0.7853981633974483
3.0009999999997805,611.3452446842051,391.0304290418912,385.7650906321096,63.95382151432193,0.16429010144094747,0.7853981633974483
3.0009999999997805,611.7730463738792,394.5602740112067,385.8044930617525,82.66016550408442,0.2110630349835094,0.7853981633974483
3.0009999999997805,613.8981551436009,405.1054131994751,386.5044365583612,121.34544212380304,0.30421091071221945,0.7853981633974483
3.0009999999997805,614.8611463907007,390.8482630895316,388.1569564478419,45.78801067148335,0.11741998409188788,0.7853981633974483
3.0009999999997805,616.0129374763486,401.44449464285043,388.1870509140671,102.31566733249151,0.2577119960947031,0.7853981633974483
3.0009999999997805,616.4825996815514,394.31639903383984,389.0068140827996,64.49124858587085,0.16429010144094744,0.7853981633974483
3.0009999999997805,616.8711550936615,397.8482762946334,389.01953050393377,83.34900021661845,0.21106303498350937,0.7853981633974483
3.0009999999997805,618.8891970553375,408.3989531441863,389.6467490507056,122.33199043375267,0.30421091071221945,0.7853981633974483
3.0009999999997805,620.0280467805385,394.1327022751579,391.41877961126914,46.17278387040338,0.11741998409188788,0.7853981633974483
3.0009999999997805,621.0622238491055,404.735023287464,391.36891198713323,103.15432034341359,0.2577119960947031,0.7853981633974483
3.0009999999997805,621.6199546788977,397.6023690257885,392.2485375334896,65.02867565741978,0.1642901014409475,0.7853981633974483
3.0009999999997805,621.9692638134438,401.13627857806017,392.2345679461151,84.0378349291525,0.2110630349835094,0.7853981633974483
3.0009999999997805,625.1949471703763,397.41714146078425,394.68060277469635,46.55755706932341,0.11741998409188789,0.7853981633974483
3.0009999999997805,626.1115102218625,408.0255519320775,394.55077306019933,103.99297335433565,0.2577119960947031,0.7853981633974483
3.0009999999997805,626.757309676244,400.88833901773717,395.4902609841796,65.5661027289687,0.16429010144094747,0.7853981633974483
3.0009999999997805,627.0673725332261,404.42428086148686,395.44960538829633,84.72666964168653,0.21106303498350937,0.7853981633974483
3.0009999999997805,630.3618475602141,400.70158064641055,397.9424259381236,46.94233026824344,0.11741998409188789,0.7853981633974483
3.0009999999997805,631.8946646735901,404.1743090096859,398.7319844348696,66.10352980051762,0.16429010144094744,0.7853981633974483
3.0009999999997805,632.1654812530086,407.7122831449136,398.6646428304776,85.41550435422057,0.2110630349835094,0.7853981633974483
3.0009999999997805,635.528747950052,403.98601983203685,401.20424910155083,47.32710346716347,0.1174199840918879,0.7853981633974483
3.0009999999997805,637.0320196709364,407.46027900163455,401.9737078855596,66.64095687206655,0.1642901014409475,0.7853981633974483
3.0009999999997805,640.6956483398898,407.2704590176632,404.4660722649781,47.71187666608349,0.11741998409188788,0.7853981633974483
