time,height,speed,v_y,v_x,Ma,Cd_A_rocket,angle_to_vertical,deployment_angle_needed
3.0009999999997805,361.7804683192712,244.27556249783814,229.17732909588537,84.54763309585596,0.6678405284527735,0.005197888011424899,0.35342783957526475,0.0
3.0009999999997805,366.54073763926164,247.48971463596757,232.19282026819965,85.66010195238037,0.6678405284527735,0.005197888011424899,0.3534278395752647,0.0
3.0009999999997805,366.79678415992515,243.99836685612664,232.6092525016822,73.67590297421275,0.6671141845137754,0.005199975251526602,0.30674003101971037,0.0
3.0009999999997805,371.1268463916006,243.75885042035446,235.5743866142602,62.63453942967727,0.6664864922996989,0.0052017790035652775,0.2598678934833466,0.0
3.0009999999997805,371.30100695925205,250.70386677409704,235.20831144051394,86.7725708089048,0.6678405284527735,0.005197888011424899,0.35342783957526475,0.0
3.0009999999997805,371.6230576357136,247.20887168318092,235.66990056091484,74.64532275018922,0.6671141845137754,0.005199975251526602,0.3067400310197103,0.0
3.0009999999997805,374.7568758301241,243.55788270695078,238.0620942649091,51.447852267109525,0.6659597660329116,0.005203292617333675,0.21283789054930455,0.0
3.0009999999997805,376.0100943704375,246.96620371535911,238.67404959602678,63.458678106383545,0.6664864922996989,0.0052017790035652775,0.2598678934833466,0.0
3.0009999999997805,376.06127627924246,253.91801891222647,238.22380261282822,87.88503966542922,0.6678405284527735,0.005197888011424899,0.35342783957526475,0.0
3.0009999999997805,376.44933111150215,250.41937651023522,238.73054862014752,75.61474252616571,0.6671141845137754,0.005199975251526602,0.30674003101971037,0.0
3.0009999999997805,377.675196390799,243.3962020642369,240.0633444052477,40.141024554217,0.665535971263413,0.0052045104445781745,0.16567741209586412,0.0
3.0009999999997805,379.6878873542047,246.76259168993695,241.19449024207896,52.124797691676754,0.6659597660329116,0.005203292617333675,0.21283789054930452,0.0
3.0009999999997805,379.8706021343773,243.27450085578135,241.56960516776422,28.750802175244637,0.6652169472288739,0.0052054272000194276,0.11845941063213679,0.0
3.0009999999997805,380.8215455992329,257.1321710503559,241.2392937851425,88.99750852195365,0.6678405284527735,0.005197888011424899,0.35342783957526475,0.0
3.0009999999997805,380.89334234927435,250.1735570103638,241.77371257779336,64.28281678308983,0.6664864922996989,0.0052017790035652775,0.2598678934833466,0.0
3.0009999999997805,381.2756045872906,253.62988133728953,241.79119667938016,76.5841623021422,0.6671141845137754,0.005199975251526602,0.30674003101971037,0.0
3.0009999999997805,382.6446068696253,246.59878367034526,243.22207262110624,40.66919592993038,0.665535971263413,0.0052045104445781745,0.16567741209586412,0.0
3.0009999999997805,384.6188988782853,249.96730067292316,244.32688621924882,52.80174311624398,0.6659597660329116,0.005203292617333675,0.21283789054930452,0.0
3.0009999999997805,384.8688995308823,246.47548113019954,244.7481526041822,29.129102203866275,0.6652169472288739,0.0052054272000194276,0.11845941063213676,0.0
3.0009999999997805,385.5818149192233,260.34632318848537,244.2547849574568,90.10997737847806,0.6678405284527735,0.005197888011424899,0.35342783957526475,0.0
3.0009999999997805,385.7765903281112,253.38091030536845,244.87337555955995,65.10695545979611,0.6664864922996989,0.0052017790035652775,0.2598678934833466,0.0
3.0009999999997805,386.1018780630791,256.84038616434384,244.85184473861284,77.55358207811868,0.6671141845137754,0.005199975251526602,0.30674003101971037,0.0
3.0009999999997805,387.6140173484516,249.80136527645365,246.38080083696477,41.197367305643766,0.665535971263413,0.0052045104445781745,0.16567741209586415,0.0
3.0009999999997805,389.54991040236587,253.17200965590936,247.45928219641868,53.47868854081122,0.6659597660329116,0.005203292617333675,0.21283789054930452,0.0
3.0009999999997805,389.8671969273872,249.67646140461773,247.92670004060014,29.507402232487916,0.6652169472288739,0.0052054272000194276,0.11845941063213677,0.0
3.0009999999997805,390.3420842392137,263.56047532661484,247.27027612977108,91.22244623500248,0.6678405284527735,0.005197888011424899,0.3534278395752647,0.0
3.0009999999997805,390.6598383069481,256.5882636003731,247.97303854132653,65.93109413650238,0.6664864922996989,0.0052017790035652775,0.2598678934833466,0.0
3.0009999999997805,390.9281515388676,260.05089099139815,247.9124927978455,78.52300185409517,0.6671141845137754,0.005199975251526602,0.30674003101971037,0.0
3.0009999999997805,392.5834278272779,253.00394688256202,249.5395290528233,41.72553868135714,0.665535971263413,0.0052045104445781745,0.16567741209586412,0.0
3.0009999999997805,394.48092192644646,256.37671863889557,250.59167817358855,54.15563396537845,0.6659597660329116,0.005203292617333675,0.21283789054930452,0.0
3.0009999999997805,394.8654943238922,252.8774416790359,251.10524747701808,29.885702261109557,0.6652169472288739,0.0052054272000194276,0.11845941063213677,0.0
3.0009999999997805,395.1023535592041,266.77462746474424,250.28576730208533,92.3349150915269,0.6678405284527735,0.005197888011424899,0.35342783957526475,0.0
3.0009999999997805,395.5430862857849,259.7956168953778,251.07270152309312,66.75523281320866,0.6664864922996989,0.0052017790035652775,0.2598678934833466,0.0
3.0009999999997805,395.7544250146561,263.26139581845246,250.97314085707816,79.49242163007165,0.6671141845137754,0.005199975251526602,0.3067400310197103,0.0
3.0009999999997805,397.5528383061042,256.2065284886704,252.6982572686818,42.25371005707053,0.665535971263413,0.0052045104445781745,0.16567741209586415,0.0
3.0009999999997805,399.41193345052704,259.58142762188174,253.7240741507584,54.83257938994568,0.6659597660329116,0.005203292617333675,0.21283789054930452,0.0
3.0009999999997805,399.86262287919453,269.9887796028737,253.30125847439962,93.44738394805131,0.6678405284527735,0.005197888011424899,0.3534278395752647,0.0
3.0009999999997805,399.86379172039716,256.0784219534541,254.28379491343605,30.264002289731195,0.6652169472288739,0.0052054272000194276,0.11845941063213676,0.0
3.0009999999997805,400.42633426462174,263.0029701903824,254.1723645048597,67.57937148991495,0.6664864922996989,0.0052017790035652775,0.2598678934833466,0.0
3.0009999999997805,400.58069849044455,266.4719006455067,254.03378891631078,80.46184140604812,0.6671141845137754,0.005199975251526602,0.30674003101971037,0.0
3.0009999999997805,402.5222487849305,259.4091100947788,255.85698548454033,42.78188143278391,0.665535971263413,0.0052045104445781745,0.16567741209586415,0.0
3.0009999999997805,404.34294497460763,262.786136604868,256.8564701279283,55.50952481451291,0.6659597660329116,0.005203292617333675,0.2128378905493045,0.0
3.0009999999997805,404.62289219918495,273.20293174100317,256.3167496467139,94.55985280457574,0.6678405284527735,0.005197888011424899,0.35342783957526475,0.0
3.0009999999997805,404.86208911690215,259.27940222787225,257.462342349854,30.642302318352836,0.6652169472288739,0.0052054272000194276,0.11845941063213677,0.0
3.0009999999997805,405.3095822434586,266.2103234853871,257.27202748662626,68.40351016662122,0.6664864922996989,0.0052017790035652775,0.2598678934833466,0.0
3.0009999999997805,405.406971966233,269.682405472561,257.09443697554343,81.43126118202461,0.6671141845137754,0.005199975251526602,0.3067400310197104,0.0
3.0009999999997805,407.49165926375684,262.61169170088715,259.01571370039886,43.31005280849729,0.665535971263413,0.0052045104445781745,0.16567741209586412,0.0
3.0009999999997805,409.27395649868816,265.9908455878541,259.98886610509805,56.18647023908014,0.6659597660329116,0.005203292617333675,0.21283789054930455,0.0
3.0009999999997805,409.38316151917536,276.41708387913263,259.3322408190282,95.67232166110016,0.6678405284527735,0.005197888011424899,0.3534278395752647,0.0
3.0009999999997805,409.8603865134071,262.4803825022904,260.64088978627194,31.020602346974478,0.6652169472288739,0.0052054272000194276,0.11845941063213677,0.0
3.0009999999997805,410.1928302222954,269.41767678039173,260.37169046839284,69.2276488433275,0.6664864922996989,0.0052017790035652775,0.2598678934833466,0.0
3.0009999999997805,410.23324544202154,272.8929102996153,260.1550850347761,82.40068095800109,0.6671141845137754,0.005199975251526602,0.30674003101971037,0.0
3.0009999999997805,412.4610697425831,265.8142733069955,262.17444191625736,43.83822418421067,0.665535971263413,0.0052045104445781745,0.16567741209586412,0.0
3.0009999999997805,414.1434308391658,279.63123601726204,262.34773199134247,96.78479051762459,0.6678405284527735,0.005197888011424899,0.35342783957526475,0.0
3.0009999999997805,414.20496802276875,269.19555457084033,263.12126208226795,56.863415663647366,0.6659597660329116,0.005203292617333675,0.21283789054930452,0.0
3.0009999999997805,414.85868390991203,265.68136277670857,263.8194372226899,31.398902375596112,0.6652169472288739,0.0052054272000194276,0.11845941063213676,0.0
3.0009999999997805,415.05951891781,276.1034151266696,263.2157330940088,83.37010073397758,0.6671141845137754,0.005199975251526602,0.30674003101971037,0.0
3.0009999999997805,415.0760782011323,272.6250300753964,263.4713534501594,70.05178752003378,0.6664864922996989,0.0052017790035652775,0.2598678934833466,0.0
3.0009999999997805,417.43048022140937,269.0168549131039,265.33317013211587,44.36639555992405,0.665535971263413,0.0052045104445781745,0.16567741209586415,0.0
3.0009999999997805,418.9037001591562,282.8453881553915,265.36322316365676,97.897259374149,0.6678405284527735,0.005197888011424899,0.35342783957526475,0.0
3.0009999999997805,419.13597954684934,272.4002635538265,266.2536580594378,57.540361088214595,0.6659597660329116,0.005203292617333675,0.21283789054930455,0.0
3.0009999999997805,419.85698130641697,268.8823430511268,266.99798465910783,31.777202404217753,0.6652169472288739,0.0052054272000194276,0.11845941063213677,0.0
3.0009999999997805,419.8857923935985,279.3139199537239,266.27638115324146,84.33952050995406,0.6671141845137754,0.005199975251526602,0.3067400310197103,0.0
3.0009999999997805,419.95932617996914,275.8323833704011,266.571016431926,70.87592619674007,0.6664864922996989,0.0052017790035652775,0.2598678934833466,0.0
3.0009999999997805,422.3998907002357,272.2194365192123,268.4918983479744,44.894566935637435,0.665535971263413,0.0052045104445781745,0.16567741209586412,0.0
3.0009999999997805,423.6639694791466,286.05954029352097,268.37871433597104,99.00972823067342,0.6678405284527735,0.005197888011424899,0.3534278395752647,0.0
3.0009999999997805,424.06699107092993,275.6049725368127,269.3860540366077,58.217306512781825,0.6659597660329116,0.005203292617333675,0.2128378905493045,0.0
3.0009999999997805,424.712065869387,282.5244247807782,269.3370292124741,85.30894028593055,0.6671141845137754,0.005199975251526602,0.30674003101971037,0.0
3.0009999999997805,424.842574158806,279.03973666540577,269.6706794136926,71.70006487344634,0.6664864922996989,0.0052017790035652775,0.2598678934833466,0.0
3.0009999999997805,424.85527870292196,272.08332332554494,270.1765320955258,32.15550243283939,0.6652169472288739,0.0052054272000194276,0.11845941063213676,0.003930825768956956
3.0009999999997805,427.369301179062,275.4220181253207,271.65062656383293,45.42273831135081,0.665535971263413,0.0052045104445781745,0.16567741209586412,0.015627429276584972
3.0009999999997805,428.424238799137,289.27369243165043,271.3942055082853,100.12219708719785,0.6678405284527735,0.005197888011424899,0.35342783957526475,0.0
3.0009999999997805,428.9980025950105,278.8096815197989,272.5184500137775,58.89425193734906,0.6659597660329116,0.005203292617333675,0.21283789054930455,0.01965412884478478
3.0009999999997805,429.5383393451755,285.7349296078325,272.39767727170675,86.27836006190702,0.6671141845137754,0.005199975251526602,0.30674003101971037,0.006231796950785417
3.0009999999997805,429.72582213764287,282.2470899604104,272.7703423954592,72.52420355015262,0.6664864922996989,0.0052017790035652775,0.2598678934833466,0.01639441967052779
3.0009999999997805,429.8535760994269,275.2843035999631,273.3550795319437,32.533802461461036,0.6652169472288739,0.0052054272000194276,0.11845941063213679,0.03748665550395536
3.0009999999997805,432.3387116578883,278.62459973142904,274.80935477969143,45.9509096870642,0.665535971263413,0.0052045104445781745,0.16567741209586415,0.04860801621612626
3.0009999999997805,433.18450811912743,292.4878445697799,274.4096966805996,101.23466594372226,0.6678405284527735,0.005197888011424899,0.3534278395752647,0.019078886049327663
3.0009999999997805,433.9290141190911,282.0143905027851,275.6508459909474,59.57119736191629,0.6659597660329116,0.005203292617333675,0.21283789054930452,0.052059472988868954
3.0009999999997805,434.364612820964,288.9454344348868,275.45832533093943,87.24777983788351,0.6671141845137754,0.005199975251526602,0.30674003101971037,0.03691141270849824
3.0009999999997805,434.6090701164797,285.4544432554151,275.87000537722577,73.3483422268589,0.6664864922996989,0.0052017790035652775,0.2598678934833466,0.04803277342066914
3.0009999999997805,434.8518734959319,278.4852838743813,276.53362696836166,32.912102490082674,0.6652169472288739,0.0052054272000194276,0.11845941063213679,0.07085073764046805
3.0009999999997805,437.30812213671464,281.8271813375374,277.96808299555,46.47908106277758,0.665535971263413,0.0052045104445781745,0.16567741209586412,0.08139685555718183
3.0009999999997805,437.94477743911784,295.7019967079093,277.4251878529139,102.34713480024669,0.6678405284527735,0.005197888011424899,0.35342783957526475,0.04822452101915485
3.0009999999997805,438.8600256431717,285.2190994857713,278.78324196811724,60.24814278648352,0.6659597660329116,0.005203292617333675,0.21283789054930452,0.0842730695344674
3.0009999999997805,439.19088629675247,292.1559392619411,278.5189733901721,88.21719961386,0.6671141845137754,0.005199975251526602,0.30674003101971037,0.06720753326923964
3.0009999999997805,439.49231809531653,288.66179655041975,278.96966835899235,74.17248090356519,0.6664864922996989,0.0052017790035652775,0.2598678934833466,0.07928763197383909
3.0009999999997805,439.8501708924369,281.68626414879947,279.71217440477966,33.29040251870431,0.6652169472288739,0.0052054272000194276,0.11845941063213675,0.10402307217849505
3.0009999999997805,442.2775326155409,285.02976294364584,281.1268112114085,47.00725243849096,0.665535971263413,0.0052045104445781745,0.16567741209586412,0.11399394729975171
3.0009999999997805,442.7050467591082,298.9161488460387,280.4406790252281,103.4596036567711,0.6678405284527735,0.005197888011424899,0.35342783957526475,0.07698666079201062
3.0009999999997805,443.7910371672523,288.4238084687575,281.9156379452871,60.92508821105075,0.6659597660329116,0.005203292617333675,0.21283789054930452,0.11610317088309446
3.0009999999997805,444.017159772541,295.3664440889954,281.5796214494047,89.18661938983648,0.6671141845137754,0.005199975251526602,0.30674003101971037,0.09712015863300966
3.0009999999997805,444.3755660741534,291.86914984542443,282.06933134075894,74.99661958027147,0.6664864922996989,0.0052017790035652775,0.2598678934833466,0.11035074292852332
3.0009999999997805,444.84846828894183,284.8872444232176,282.8907218411976,33.66870254732596,0.6652169472288739,0.0052054272000194276,0.11845941063213677,0.1370036591180363
3.0009999999997805,447.2469430943672,288.2323445497542,284.28553942726705,47.53542381420434,0.665535971263413,0.0052045104445781745,0.16567741209586412,0.1463992914438359
3.0009999999997805,447.4653160790986,302.1303009841682,283.4561701975424,104.57207251329552,0.6678405284527735,0.005197888011424899,0.35342783957526475,0.10555705296638068
3.0009999999997805,448.7220486913329,291.6285174517437,285.04803392245697,61.602033635617985,0.6659597660329116,0.005203292617333675,0.21283789054930452,0.14754977703475008
3.0009999999997805,448.8434332483294,298.5769489160497,284.6402695086374,90.15603916581296,0.6671141845137754,0.005199975251526602,0.3067400310197103,0.12664928879980825
3.0009999999997805,449.25881405299026,295.07650314042905,285.1689943225255,75.82075825697774,0.6664864922996989,0.0052017790035652775,0.2598678934833466,0.14083861108775042
3.0009999999997805,449.8467656854468,288.08822469763584,286.06926927761555,34.047002575947594,0.6652169472288739,0.0052054272000194276,0.11845941063213677,0.1697924984590919
3.0009999999997805,452.21635357319354,291.43492615586257,287.44426764312556,48.06359518991773,0.665535971263413,0.0052045104445781745,0.16567741209586415,0.17861288798943437
3.0009999999997805,452.225585399089,305.34445312229764,286.4716613698567,105.68454136981994,0.6678405284527735,0.005197888011424899,0.35342783957526475,0.13393569754226503
3.0009999999997805,453.6530602154134,294.8332264347299,288.1804298996268,62.278979060185215,0.6659597660329116,0.005203292617333675,0.21283789054930455,0.17899638318640576
3.0009999999997805,453.6697067241179,301.787453743104,287.70091756787,91.12545894178945,0.6671141845137754,0.005199975251526602,0.3067400310197104,0.1561784189666069
3.0009999999997805,454.1420620318271,298.28385643543373,288.26865730429205,76.64489693368401,0.6664864922996989,0.0052017790035652775,0.2598678934833466,0.17132647924697753
3.0009999999997805,454.84506308195176,291.289204972054,289.2478167140335,34.42530260456923,0.6652169472288739,0.0052054272000194276,0.11845941063213676,0.2023895902016618
3.0009999999997805,456.98585471907944,308.5586052604271,289.487152542171,106.79701022634436,0.6678405284527735,0.005197888011424899,0.35342783957526475,0.16193084692117798
3.0009999999997805,457.18576405201986,294.63750776197094,290.60299585898406,48.591766565631104,0.665535971263413,0.0052045104445781745,0.16567741209586412,0.21044298933806138
3.0009999999997805,458.4959801999064,304.9979585701583,290.7615656271027,92.09487871776592,0.6671141845137754,0.005199975251526602,0.30674003101971037,0.18532405393643403
3.0009999999997805,458.58407173949394,298.037935417716,291.31282587679664,62.95592448475244,0.6659597660329116,0.005203292617333675,0.21283789054930452,0.21005949414109
3.0009999999997805,459.02531001066393,301.49120973043836,291.36832028605863,77.46903561039029,0.6664864922996989,0.0052017790035652775,0.2598678934833466,0.20143085220923324
3.0009999999997805,459.84336047845676,294.4901852464722,292.42636415045143,34.80360263319088,0.6652169472288739,0.0052054272000194276,0.11845941063213679,0.23479493434574594
3.0009999999997805,461.74612403906985,311.77275739855656,292.50264371448526,107.90947908286878,0.6678405284527735,0.005197888011424899,0.35342783957526475,0.18992599630009094
3.0009999999997805,462.15517453084607,297.8400893680793,293.76172407484256,49.11993794134448,0.665535971263413,0.0052045104445781745,0.16567741209586412,0.24227309068668845
3.0009999999997805,463.32225367569487,308.2084633972126,293.8222136863354,93.06429849374241,0.6671141845137754,0.005199975251526602,0.30674003101971037,0.2142779413077755
3.0009999999997805,463.5150832635745,301.24264440070226,294.4452218539665,63.632869909319666,0.6659597660329116,0.005203292617333675,0.21283789054930452,0.24093085749728854
3.0009999999997805,463.90855798950076,304.69856302544304,294.4679832678252,78.29317428709658,0.6664864922996989,0.0052017790035652775,0.2598678934833466,0.23153522517148895
3.0009999999997805,464.84165787496164,297.6911655208903,295.6049115868694,35.181902661812515,0.6652169472288739,0.0052054272000194276,0.11845941063213677,0.2670085308913444
3.0009999999997805,466.50639335906027,314.98690953668597,295.51813488679954,109.0219479393932,0.6678405284527735,0.005197888011424899,0.35342783957526475,0.21734590288354677
3.0009999999997805,467.1245850096724,301.0426709741877,296.9204522907011,49.648109317057866,0.665535971263413,0.0052045104445781745,0.16567741209586412,0.273719696838344
3.0009999999997805,468.1485271514834,311.41896822426685,296.88286174556805,94.03371826971889,0.6671141845137754,0.005199975251526602,0.3067400310197103,0.2430400810806313
3.0009999999997805,468.4460947876551,304.44735338368844,297.57761783113637,64.3098153338869,0.6659597660329116,0.005203292617333675,0.21283789054930452,0.271802220853487
3.0009999999997805,468.79180596833766,307.9059163204477,297.5676462495918,79.11731296380286,0.6664864922996989,0.0052017790035652775,0.2598678934833466,0.26144785053525893
3.0009999999997805,469.83995527146664,300.8921457953085,298.7834590232873,35.56020269043415,0.6652169472288739,0.0052054272000194276,0.11845941063213677,0.2992221274369429
3.0009999999997805,471.2666626790507,318.20106167481543,298.53362605911383,110.13441679591763,0.6678405284527735,0.005197888011424899,0.35342783957526475,0.2447658094670026
3.0009999999997805,472.0939954884987,304.2452525802961,300.0791805065596,50.17628069277125,0.665535971263413,0.0052045104445781745,0.16567741209586415,0.3053580505884855
3.0009999999997805,472.97480062727186,314.62947305132116,299.94350980480067,95.00313804569538,0.6671141845137754,0.005199975251526602,0.30674003101971037,0.2716104732550013
3.0009999999997805,473.3771063117357,307.65206236667467,300.7100138083062,64.98676075845412,0.6659597660329116,0.005203292617333675,0.21283789054930452,0.3024818366111998
3.0009999999997805,473.6750539471745,311.1132696154524,300.6673092313584,79.94145164050914,0.6664864922996989,0.0052017790035652775,0.2598678934833466,0.2911687283005433
3.0009999999997805,474.8382526679716,304.0931260697267,301.96200645970526,35.93850271905579,0.6652169472288739,0.0052054272000194276,0.11845941063213677,0.3312439763840556
3.0009999999997805,476.0269319990411,321.4152138129449,301.5491172314281,111.24688565244205,0.6678405284527735,0.005197888011424899,0.35342783957526475,0.2719939684519727
3.0009999999997805,477.063405967325,307.44783418640446,303.2379087224181,50.70445206848463,0.665535971263413,0.0052045104445781745,0.16567741209586415,0.3368046567401411
3.0009999999997805,477.8010741030604,317.83997787837546,303.00415786403335,95.97255782167186,0.6671141845137754,0.005199975251526602,0.30674003101971037,0.3001808654293714
3.0009999999997805,478.3081178358163,310.85677134966085,303.8424097854761,65.66370618302136,0.6659597660329116,0.005203292617333675,0.21283789054930452,0.33316145236891265
3.0009999999997805,478.5583019260113,314.320622910457,303.766972213125,80.76559031721541,0.6664864922996989,0.0052017790035652775,0.2598678934833466,0.32088960606582756
3.0009999999997805,479.83655006447657,307.29410634414484,305.1405538961232,36.316802747677436,0.6652169472288739,0.0052054272000194276,0.11845941063213679,0.3634575729296541
3.0009999999997805,480.7872013190315,324.62936595107436,304.5646084037424,112.35935450896646,0.6678405284527735,0.005197888011424899,0.3534278395752647,0.29903037983845715
3.0009999999997805,482.03281644615134,310.65041579251283,306.3966369382767,51.23262344419801,0.665535971263413,0.0052045104445781745,0.16567741209586412,0.3682512628917967
3.0009999999997805,482.62734757884886,321.0504827054298,306.064805923266,96.94197759764835,0.6671141845137754,0.005199975251526602,0.30674003101971037,0.32855951000525574
3.0009999999997805,483.2391293598969,314.061480332647,306.97480576264593,66.3406516075886,0.6659597660329116,0.005203292617333675,0.21283789054930455,0.3638410681266255
3.0009999999997805,483.4415499048482,317.5279762054617,306.86663519489156,81.5897289939217,0.6664864922996989,0.0052017790035652775,0.2598678934833466,0.35041873623262615
3.0009999999997805,484.8348474609815,310.49508661856305,308.31910133254115,36.69510277629907,0.6652169472288739,0.0052054272000194276,0.11845941063213679,0.3954794218767669
3.0009999999997805,485.5474706390219,327.8435180892038,307.5800995760567,113.47182336549089,0.6678405284527735,0.005197888011424899,0.35342783957526475,0.3260667912249416
3.0009999999997805,487.0022269249776,313.8529973986212,309.5553651541352,51.760794819911396,0.665535971263413,0.0052045104445781745,0.16567741209586415,0.39969786904345234
3.0009999999997805,487.4536210546373,324.2609875324841,309.1254539824987,97.91139737362484,0.6671141845137754,0.005199975251526602,0.30674003101971037,0.3567464069826544
3.0009999999997805,488.17014088397747,317.26618931563326,310.1072017398158,67.01759703215582,0.6659597660329116,0.005203292617333675,0.2128378905493045,0.39432893628585264
3.0009999999997805,488.32479788368505,320.7353295004664,309.96629817665814,82.41386767062798,0.6664864922996989,0.0052017790035652775,0.2598678934833466,0.379756118800939
3.0009999999997805,489.8331448574865,313.6960668929812,311.49764876895915,37.07340280492071,0.6652169472288739,0.0052054272000194276,0.11845941063213676,0.42769301842236535
3.0009999999997805,490.30773995901234,331.05767022733323,310.59559074837097,114.5842922220153,0.6678405284527735,0.005197888011424899,0.35342783957526475,0.35291145501294036
3.0009999999997805,491.9716374038039,317.0555790047296,312.71409336999375,52.28896619562477,0.665535971263413,0.0052045104445781745,0.16567741209586412,0.431144475195108
3.0009999999997805,492.27989453042585,327.4714923595384,312.1861020417314,98.88081714960131,0.6671141845137754,0.005199975251526602,0.3067400310197103,0.3851250515585388
3.0009999999997805,493.10115240805806,320.47089829861943,313.23959771698566,67.69454245672306,0.6659597660329116,0.005203292617333675,0.21283789054930452,0.42481680444507974
3.0009999999997805,493.2080458625219,323.94268279547106,313.0659611584247,83.23800634733426,0.6664864922996989,0.0052017790035652775,0.2598678934833466,0.4092852489677377
3.0009999999997805,494.83144225399144,316.8970471673994,314.6761962053771,37.451702833542356,0.6652169472288739,0.0052054272000194276,0.11845941063213677,0.4599066149679638
3.0009999999997805,495.06800927900275,334.2718223654627,313.61108192068525,115.69676107853974,0.6678405284527735,0.005197888011424899,0.35342783957526475,0.3795643712024533
3.0009999999997805,496.94104788263024,320.258160610838,315.87282158585225,52.81713757133816,0.665535971263413,0.0052045104445781745,0.16567741209586412,0.4625910813467637
3.0009999999997805,497.1061680062143,330.6819971865927,315.246750100964,99.8502369255778,0.6671141845137754,0.005199975251526602,0.30674003101971037,0.4133119485359375
3.0009999999997805,498.03216393213864,323.6756072816056,316.3719936941555,68.37148788129029,0.6659597660329116,0.005203292617333675,0.21283789054930455,0.4554964202027926
3.0009999999997805,498.0912938413588,327.15003609047574,316.1656241401913,84.06214502404055,0.6664864922996989,0.0052017790035652775,0.2598678934833466,0.4388143791345362
3.0009999999997805,499.82827859899317,337.48597450359216,316.62657309299954,116.80922993506415,0.6678405284527735,0.005197888011424899,0.35342783957526475,0.40602553979348066
3.0009999999997805,499.82973965049644,320.0980274418176,317.85474364179504,37.830002862163994,0.6652169472288739,0.0052054272000194276,0.11845941063213677,0.4921202115135623
3.0009999999997805,501.91045836145656,323.46074221694636,319.03154980171075,53.34530894705154,0.665535971263413,0.0052045104445781745,0.16567741209586415,0.49442118269539076
3.0009999999997805,501.93244148200284,333.89250201364695,318.30739816019667,100.81965670155428,0.6671141845137754,0.005199975251526602,0.30674003101971037,0.4413070979148504
3.0009999999997805,502.96317545621923,326.88031626459184,319.5043896713254,69.04843330585751,0.6659597660329116,0.005203292617333675,0.2128378905493045,0.4861760359605054
3.0009999999997805,502.9745418201956,330.35738938548036,319.2652871219579,84.88628370074682,0.6664864922996989,0.0052017790035652775,0.2598678934833466,0.4683435093013348
3.0009999999997805,504.5885479189836,340.7001266417216,319.6420642653138,117.92169879158857,0.6678405284527735,0.005197888011424899,0.3534278395752647,0.4324867083845079
3.0009999999997805,504.82803704700143,323.29900771623574,321.033291078213,38.20830289078563,0.6652169472288739,0.0052054272000194276,0.11845941063213677,0.5247173032561321
3.0009999999997805,506.7587149577913,337.10300684070125,321.36804621942935,101.78907647753077,0.6671141845137754,0.005199975251526602,0.30674003101971037,0.4693022472937633
3.0009999999997805,506.8798688402829,326.6633238230548,322.1902780175693,53.87348032276492,0.665535971263413,0.0052045104445781745,0.16567741209586412,0.5262512840440179
3.0009999999997805,507.85778979903245,333.56474268048504,322.3649501037245,85.7104223774531,0.6664864922996989,0.0052017790035652775,0.2598678934833466,0.4978726394681335
3.0009999999997805,507.8941869802998,330.085025247578,322.6367856484952,69.72537873042475,0.6659597660329116,0.005203292617333675,0.21283789054930455,0.517047399316704
3.0009999999997805,509.348817238974,343.9142787798511,322.6575554376281,119.034167648113,0.6678405284527735,0.005197888011424899,0.35342783957526475,0.45875612937704957
3.0009999999997805,509.82633444350637,326.49998799065395,324.2118385146309,38.58660291940728,0.6652169472288739,0.0052054272000194276,0.11845941063213679,0.5575061425971877
3.0009999999997805,511.58498843357984,340.31351166775556,324.428694278662,102.75849625350725,0.6671141845137754,0.005199975251526602,0.3067400310197103,0.49748914427116203
3.0009999999997805,511.84927931910914,329.86590542916315,325.3490062334278,54.401651698478304,0.665535971263413,0.0052045104445781745,0.16567741209586415,0.5582731329911303
3.0009999999997805,512.7410377778693,336.7720959754897,325.46461308549107,86.53456105415938,0.6664864922996989,0.0052017790035652775,0.2598678934833466,0.5275935172334176
3.0009999999997805,512.8251985043804,333.2897342305642,325.7691816256651,70.40232415499199,0.6659597660329116,0.005203292617333675,0.21283789054930452,0.5481105102713881
3.0009999999997805,514.1090865589645,347.1284309179805,325.6730466099424,120.14663650463741,0.6678405284527735,0.005197888011424899,0.35342783957526475,0.4852172979680769
3.0009999999997805,514.8246318400113,329.7009682650721,327.3903859510489,38.964902948028914,0.6652169472288739,0.0052054272000194276,0.11845941063213676,0.5904867295367289
3.0009999999997805,516.4112619093682,343.52401649480987,327.48934233789464,103.72791602948374,0.6671141845137754,0.005199975251526602,0.30674003101971037,0.525484293650075
3.0009999999997805,516.8186897979355,333.0684870352715,328.5077344492864,54.92982307419169,0.665535971263413,0.0052045104445781745,0.16567741209586412,0.5904867295367289
3.0009999999997805,517.6242857567062,339.9794492704944,328.56427606725765,87.35869973086567,0.6664864922996989,0.0052017790035652775,0.2598678934833466,0.5571226474002162
3.0009999999997805,517.7562100284609,336.4944432135504,328.90157760283495,71.07926957955921,0.6659597660329116,0.005203292617333675,0.21283789054930452,0.5791736212260725
3.0009999999997805,518.8693558789548,350.34258305610996,328.6885377822567,121.25910536116184,0.6678405284527735,0.005197888011424899,0.35342783957526475,0.5114867189606185
3.0009999999997805,519.8229292365163,332.9019485394903,330.56893338746687,39.34320297665055,0.6652169472288739,0.0052054272000194276,0.11845941063213676,0.6238508116732417
3.0009999999997805,521.2375353851568,346.7345213218642,330.5499903971273,104.69733580546023,0.6671141845137754,0.005199975251526602,0.30674003101971037,0.5536711906274734
3.0009999999997805,521.7881002767617,336.2710686413799,331.6664626651449,55.457994449905065,0.665535971263413,0.0052045104445781745,0.16567741209586412,0.623083821279299
3.0009999999997805,522.507533735543,343.186802565499,331.66393904902424,88.18283840757195,0.6664864922996989,0.0052017790035652775,0.2598678934833466,0.5870352727639863
3.0009999999997805,522.6872215525416,339.6991521965366,332.03397358000484,71.75621500412645,0.6659597660329116,0.005203292617333675,0.21283789054930452,0.6104284797792423
3.0009999999997805,523.6296251989453,353.5567351942394,331.70402895457096,122.37157421768626,0.6678405284527735,0.005197888011424899,0.35342783957526475,0.5377561399531601
3.0009999999997805,524.8212266330213,336.1029288139085,333.7474808238848,39.7215030052722,0.6652169472288739,0.0052054272000194276,0.11845941063213677,0.6575983890067257
3.0009999999997805,526.0638088609453,349.9450261489185,333.61063845636,105.6667555814367,0.6671141845137754,0.005199975251526602,0.30674003101971037,0.5818580876048723
3.0009999999997805,526.7575107555881,339.4736502474883,334.8251908810034,55.98616582561845,0.665535971263413,0.0052045104445781745,0.16567741209586415,0.6558726606203544
3.0009999999997805,527.3907817143798,346.3941558605037,334.7636020307908,89.00697708427822,0.6664864922996989,0.0052017790035652775,0.2598678934833466,0.6169478981277563
3.0009999999997805,527.6182330766221,342.90386117952283,335.1663695571747,72.43316042869367,0.6659597660329116,0.005203292617333675,0.2128378905493045,0.6420668335293838
3.0009999999997805,528.3898945189356,356.7708873323689,334.71952012688524,123.48404307421069,0.6678405284527735,0.005197888011424899,0.35342783957526475,0.5640255609457017
3.0009999999997805,529.8195240295263,339.30390908832663,336.92602826030276,40.099803033893835,0.6652169472288739,0.0052054272000194276,0.11845941063213677,0.6917294615371814
3.0009999999997805,530.8900823367338,353.1555309759728,336.67128651559267,106.6361753574132,0.6671141845137754,0.005199975251526602,0.30674003101971037,0.6100449845822709
3.0009999999997805,531.7269212344144,342.6762318535967,337.98391909686194,56.514337201331834,0.665535971263413,0.0052045104445781745,0.16567741209586412,0.6890449951583815
3.0009999999997805,532.2740296932168,349.6015091555084,337.8632650125574,89.8311157609845,0.6664864922996989,0.0052017790035652775,0.2598678934833466,0.6472440186884978
3.0009999999997805,532.5492446007028,346.108570162509,338.2987655343445,73.1101058532609,0.6659597660329116,0.005203292617333675,0.21283789054930452,0.6738969348780107
3.0009999999997805,533.1501638389261,359.9850394704983,337.7350112991995,124.5965119307351,0.6678405284527735,0.005197888011424899,0.35342783957526475,0.5904867295367289
3.0009999999997805,534.8178214260312,342.50488936274485,340.1045756967207,40.47810306251547,0.6652169472288739,0.0052054272000194276,0.11845941063213677,0.7262440292646082
3.0009999999997805,535.7163558125222,356.3660358030271,339.7319345748253,107.60559513338967,0.6671141845137754,0.005199975251526602,0.30674003101971037,0.638615376756641
3.0009999999997805,536.6963317132407,345.87881345970504,341.14264731272044,57.04250857704521,0.665535971263413,0.0052045104445781745,0.16567741209586412,0.7227925724918656
3.0009999999997805,537.1572776720536,352.80886245051306,340.962927994324,90.65525443769079,0.6664864922996989,0.0052017790035652775,0.2598678934833466,0.6777318868477248
3.0009999999997805,537.4802561247833,349.3132791454952,341.4311615115144,73.78705127782814,0.6659597660329116,0.005203292617333675,0.21283789054930452,0.7061105314236092
3.0009999999997805,537.9104331589164,363.1991916086277,340.75050247151376,125.7089807872595,0.6678405284527735,0.005197888011424899,0.35342783957526475,0.6169478981277563
3.0009999999997805,539.8161188225362,345.705869637163,343.28312313313864,40.85640309113712,0.6652169472288739,0.0052054272000194276,0.11845941063213679,0.7615255873859779
3.0009999999997805,540.5426292883108,359.57654063008135,342.79258263405796,108.57501490936616,0.6671141845137754,0.005199975251526602,0.30674003101971037,0.667185768931011
3.0009999999997805,541.665742192067,349.0813950658134,344.301375528579,57.570679952758596,0.665535971263413,0.0052045104445781745,0.16567741209586412,0.7569236450223209
3.0009999999997805,542.0405256508905,356.0162157455177,344.0625909760906,91.47939311439707,0.6664864922996989,0.0052017790035652775,0.2598678934833466,0.7084115026054377
3.0009999999997805,542.4112676488639,352.5179881284814,344.56355748868424,74.46399670239536,0.6659597660329116,0.005203292617333675,0.21283789054930452,0.7388993707646647
3.0009999999997805,542.670702478907,366.4133437467572,343.7659936438281,126.82144964378395,0.6678405284527735,0.005197888011424899,0.35342783957526475,0.6437925619157551
3.0009999999997805,544.8144162190412,348.90684991158116,346.46167056955665,41.234703119758755,0.6652169472288739,0.0052054272000194276,0.11845941063213676,0.7853981633974483
3.0009999999997805,545.3689027640992,362.7870454571356,345.8532306932906,109.54443468534262,0.6671141845137754,0.005199975251526602,0.30674003101971037,0.6963314039008384
3.0009999999997805,546.6351526708933,352.28397667192183,347.4601037444375,58.09885132847198,0.665535971263413,0.0052045104445781745,0.16567741209586415,0.7853981633974483
3.0009999999997805,546.9237736297273,359.22356904052236,347.16225395785716,92.30353179110334,0.6664864922996989,0.0052017790035652775,0.2598678934833466,0.7396663611586075
3.0009999999997805,547.3422791729445,355.7226971114676,347.69595346585413,75.1409421269626,0.6659597660329116,0.005203292617333675,0.21283789054930452,0.7720717053026919
3.0009999999997805,547.4309717988972,369.6274958848866,346.7814848161423,127.93391850030834,0.6678405284527735,0.005197888011424899,0.3534278395752647,0.6712124684992109
3.0009999999997805,549.8127136155462,352.1078301859994,349.6402180059746,41.61300314838039,0.6652169472288739,0.0052054272000194276,0.11845941063213676,0.7853981633974483
3.0009999999997805,550.1951762398877,365.99755028418997,348.9138787525233,110.51385446131913,0.6671141845137754,0.005199975251526602,0.30674003101971037,0.7258605340676367
3.0009999999997805,551.6045631497196,355.4865582780302,350.618831960296,58.62702270418536,0.665535971263413,0.0052045104445781745,0.16567741209586412,0.7853981633974483
3.0009999999997805,551.807021608564,362.430922335527,350.2619169396237,93.12767046780961,0.6664864922996989,0.0052017790035652775,0.2598678934833466,0.7714964625072347
3.0009999999997805,552.1912411188877,372.84164802301603,349.7969759884566,129.04638735683275,0.6678405284527735,0.005197888011424899,0.3534278395752647,0.6990158702796382
3.0009999999997805,552.2732906970251,358.9274060944538,350.82834944302397,75.81788755152984,0.6659597660329116,0.005203292617333675,0.21283789054930455,0.7853981633974483
3.0009999999997805,554.811011012051,355.30881046041753,352.81876544239253,41.99130317700204,0.6652169472288739,0.0052054272000194276,0.11845941063213677,0.7853981633974483
3.0009999999997805,555.0214497156761,369.2080551112442,351.9745268117559,111.48327423729559,0.6671141845137754,0.005199975251526602,0.30674003101971037,0.7559649070298925
3.0009999999997805,556.5739736285459,358.68913988413857,353.77756017615457,59.15519407989874,0.665535971263413,0.0052045104445781745,0.16567741209586412,0.7853981633974483
3.0009999999997805,556.690269587401,365.6382756305317,353.36157992139033,93.9518091445159,0.6664864922996989,0.0052017790035652775,0.2598678934833466,0.7853981633974483
3.0009999999997805,556.951510438878,376.0558001611455,352.8124671607709,130.15885621335718,0.6678405284527735,0.005197888011424899,0.3534278395752647,0.7275862624540081
3.0009999999997805,557.2043022211055,362.13211507743995,353.96074542019375,76.49483297609704,0.6659597660329116,0.005203292617333675,0.21283789054930452,0.7853981633974483
3.0009999999997805,559.809308408556,358.50979073483575,355.9973128788105,42.369603205623676,0.6652169472288739,0.0052054272000194276,0.11845941063213677,0.7853981633974483
3.0009999999997805,559.8477231914646,372.41855993829853,355.03517487098856,112.45269401327208,0.6671141845137754,0.005199975251526602,0.30674003101971037,0.7853981633974483
3.0009999999997805,561.5433841073722,361.8917214902469,356.936288392013,59.68336545561211,0.665535971263413,0.0052045104445781745,0.16567741209586412,0.7853981633974483
3.0009999999997805,561.5735175662378,368.8456289255363,356.46124290315686,94.77594782122218,0.6664864922996989,0.0052017790035652775,0.2598678934833466,0.7853981633974483
3.0009999999997805,561.7117797588685,379.26995229927496,355.8279583330852,131.2713250698816,0.6678405284527735,0.005197888011424899,0.35342783957526475,0.7569236450223209
3.0009999999997805,562.1353137451863,365.3368240604262,357.0931413973637,77.1717784006643,0.6659597660329116,0.005203292617333675,0.21283789054930452,0.7853981633974483
3.0009999999997805,564.6739966672532,375.62906476535284,358.09582293022123,113.42211378924856,0.6671141845137754,0.005199975251526602,0.30674003101971037,0.7853981633974483
3.0009999999997805,564.8076058050609,361.71077100925385,359.17586031522836,42.74790323424531,0.6652169472288739,0.0052054272000194276,0.11845941063213676,0.7853981633974483
3.0009999999997805,566.4567655450746,372.05298222054097,359.56090588492344,95.60008649792844,0.6664864922996989,0.0052017790035652775,0.2598678934833466,0.7853981633974483
3.0009999999997805,566.4720490788588,382.4841044374044,358.84344950539946,132.38379392640604,0.6678405284527735,0.005197888011424899,0.35342783957526475,0.7853981633974483
3.0009999999997805,566.5127945861985,365.09430309635536,360.0950166078716,60.2115368313255,0.665535971263413,0.0052045104445781745,0.16567741209586412,0.7853981633974483
3.0009999999997805,567.0663252692667,368.5415330434123,360.2255373745335,77.8487238252315,0.6659597660329116,0.005203292617333675,0.21283789054930452,0.7853981633974483
3.0009999999997805,569.5002701430416,378.8395695924071,361.1564709894539,114.39153356522505,0.6671141845137754,0.005199975251526602,0.30674003101971037,0.7853981633974483
3.0009999999997805,569.805903201566,364.91175128367206,362.35440775164636,43.12620326286696,0.6652169472288739,0.0052054272000194276,0.11845941063213679,0.7853981633974483
3.0009999999997805,571.2323183988493,385.6982565755339,361.85894067771375,133.49626278293044,0.6678405284527735,0.005197888011424899,0.3534278395752647,0.7853981633974483
3.0009999999997805,571.3400135239115,375.26033551554565,362.66056886669,96.42422517463473,0.6664864922996989,0.0052017790035652775,0.2598678934833466,0.7853981633974483
3.0009999999997805,571.4822050650247,368.2968847024637,363.2537448237301,60.73970820703887,0.665535971263413,0.0052045104445781745,0.16567741209586412,0.7853981633974483
3.0009999999997805,571.9973367933474,371.74624202639853,363.3579333517033,78.52566924979874,0.6659597660329116,0.005203292617333675,0.21283789054930455,0.7853981633974483
3.0009999999997805,574.3265436188301,382.0500744194614,364.2171190486865,115.36095334120152,0.6671141845137754,0.005199975251526602,0.30674003101971037,0.7853981633974483
3.0009999999997805,574.8042005980709,368.11273155809016,365.53295518806425,43.50450329148859,0.6652169472288739,0.0052054272000194276,0.11845941063213677,0.7853981633974483
3.0009999999997805,575.9925877188397,388.9124087136633,364.87443185002803,134.60873163945487,0.6678405284527735,0.005197888011424899,0.3534278395752647,0.7853981633974483
3.0009999999997805,576.2232615027483,378.4676888105503,365.7602318484566,97.24836385134101,0.6664864922996989,0.0052017790035652775,0.2598678934833466,0.7853981633974483
3.0009999999997805,576.4516155438511,371.49946630857204,366.4124730395886,61.26787958275226,0.665535971263413,0.0052045104445781745,0.16567741209586412,0.7853981633974483
3.0009999999997805,576.9283483174279,374.9509510093847,366.4903293288732,79.20261467436598,0.6659597660329116,0.005203292617333675,0.21283789054930452,0.7853981633974483
3.0009999999997805,579.1528170946186,385.2605792465157,367.2777671079192,116.33037311717801,0.6671141845137754,0.005199975251526602,0.30674003101971037,0.7853981633974483
3.0009999999997805,579.8024979945758,371.3137118325084,368.7115026244822,43.88280332011023,0.6652169472288739,0.0052054272000194276,0.11845941063213677,0.7853981633974483
3.0009999999997805,580.7528570388301,392.12656085179276,367.8899230223423,135.7212004959793,0.6678405284527735,0.005197888011424899,0.35342783957526475,0.7853981633974483
3.0009999999997805,581.1065094815851,381.67504210555495,368.8598948302232,98.0725025280473,0.6664864922996989,0.0052017790035652775,0.2598678934833466,0.7853981633974483
3.0009999999997805,581.4210260226773,374.7020479146804,369.57120125544714,61.79605095846564,0.665535971263413,0.0052045104445781745,0.16567741209586412,0.7853981633974483
3.0009999999997805,581.8593598415084,378.1556599923709,369.62272530604304,79.8795600989332,0.6659597660329116,0.005203292617333675,0.21283789054930452,0.7853981633974483
3.0009999999997805,583.9790905704072,388.47108407357,370.3384151671519,117.29979289315449,0.6671141845137754,0.005199975251526602,0.3067400310197103,0.7853981633974483
3.0009999999997805,584.8007953910808,374.51469210692653,371.8900500609002,44.26110334873187,0.6652169472288739,0.0052054272000194276,0.11845941063213677,0.7853981633974483
3.0009999999997805,585.5131263588205,395.3407129899222,370.9054141946566,136.8336693525037,0.6678405284527735,0.005197888011424899,0.3534278395752647,0.7853981633974483
3.0009999999997805,585.9897574604221,384.88239540055963,371.9595578119898,98.89664120475358,0.6664864922996989,0.0052017790035652775,0.2598678934833466,0.7853981633974483
3.0009999999997805,586.3904365015037,377.90462952078883,372.72992947130564,62.32422233417903,0.665535971263413,0.0052045104445781745,0.16567741209586415,0.7853981633974483
3.0009999999997805,586.7903713655891,381.3603689753571,372.75512128321293,80.55650552350043,0.6659597660329116,0.005203292617333675,0.21283789054930452,0.7853981633974483
3.0009999999997805,588.8053640461956,391.6815889006243,373.39906322638456,118.26921266913098,0.6671141845137754,0.005199975251526602,0.30674003101971037,0.7853981633974483
3.0009999999997805,589.7990927875858,377.71567238134475,375.06859749731814,44.63940337735351,0.6652169472288739,0.0052054272000194276,0.11845941063213677,0.7853981633974483
3.0009999999997805,590.273395678811,398.5548651280517,373.9209053669709,137.94613820902813,0.6678405284527735,0.005197888011424899,0.3534278395752647,0.7853981633974483
3.0009999999997805,590.8730054392589,388.0897486955643,375.05922079375637,99.72077988145985,0.6664864922996989,0.0052017790035652775,0.2598678934833466,0.7853981633974483
3.0009999999997805,591.35984698033,381.1072111268972,375.88865768716414,62.852393709892404,0.665535971263413,0.0052045104445781745,0.16567741209586415,0.7853981633974483
3.0009999999997805,591.7213828896696,384.5650779583433,375.88751726038277,81.23345094806767,0.6659597660329116,0.005203292617333675,0.21283789054930455,0.7853981633974483
3.0009999999997805,593.6316375219841,394.8920937276786,376.4597112856172,119.23863244510747,0.6671141845137754,0.005199975251526602,0.3067400310197104,0.7853981633974483
3.0009999999997805,594.7973901840908,380.9166526557629,378.2471449337361,45.01770340597515,0.6652169472288739,0.0052054272000194276,0.11845941063213676,0.7853981633974483
3.0009999999997805,595.7562534180958,391.297101990569,378.15888377552295,100.54491855816613,0.6664864922996989,0.0052017790035652775,0.2598678934833466,0.7853981633974483
3.0009999999997805,596.3292574591562,384.30979273300557,379.0473859030227,63.38056508560579,0.665535971263413,0.0052045104445781745,0.16567741209586412,0.7853981633974483
3.0009999999997805,596.6523944137502,387.7697869413295,379.01991323755266,81.91039637263489,0.6659597660329116,0.005203292617333675,0.2128378905493045,0.7853981633974483
3.0009999999997805,598.4579109977726,398.10259855473294,379.52035934484985,120.20805222108395,0.6671141845137754,0.005199975251526602,0.30674003101971037,0.7853981633974483
3.0009999999997805,599.7956875805957,384.11763293018106,381.425692370154,45.39600343459679,0.6652169472288739,0.0052054272000194276,0.11845941063213677,0.7853981633974483
3.0009999999997805,600.6395013969326,394.5044552855736,381.25854675728954,101.36905723487241,0.6664864922996989,0.0052017790035652775,0.2598678934833466,0.7853981633974483
3.0009999999997805,601.2986679379826,387.51237433911393,382.2061141188812,63.90873646131917,0.665535971263413,0.0052045104445781745,0.16567741209586415,0.7853981633974483
3.0009999999997805,601.5834059378308,390.9744959243157,382.1523092147225,82.58734179720213,0.6659597660329116,0.005203292617333675,0.21283789054930452,0.7853981633974483
3.0009999999997805,604.7939849771006,387.3186132045993,384.60423980657197,45.77430346321843,0.6652169472288739,0.0052054272000194276,0.11845941063213677,0.7853981633974483
3.0009999999997805,605.5227493757694,397.7118085805783,384.3582097390561,102.1931959115787,0.6664864922996989,0.0052017790035652775,0.2598678934833466,0.7853981633974483
3.0009999999997805,606.2680784168089,390.71495594522236,385.36484233473976,64.43690783703255,0.665535971263413,0.0052045104445781745,0.16567741209586412,0.7853981633974483
3.0009999999997805,606.5144174619114,394.1792049073019,385.28470519189233,83.26428722176935,0.6659597660329116,0.005203292617333675,0.21283789054930452,0.7853981633974483
3.0009999999997805,609.7922823736056,390.51959347901743,387.7827872429899,46.15260349184007,0.6652169472288739,0.0052054272000194276,0.11845941063213677,0.7853981633974483
3.0009999999997805,611.2374888956352,393.9175375513307,388.52357055059827,64.96507921274593,0.665535971263413,0.0052045104445781745,0.16567741209586412,0.7853981633974483
3.0009999999997805,611.445428985992,397.3839138902881,388.4171011690622,83.94123264633659,0.6659597660329116,0.005203292617333675,0.21283789054930452,0.7853981633974483
3.0009999999997805,614.7905797701106,393.7205737534356,390.9613346794079,46.53090352046171,0.6652169472288739,0.0052054272000194276,0.11845941063213677,0.7853981633974483
3.0009999999997805,616.2068993744615,397.1201191574391,391.68229876645677,65.49325058845932,0.665535971263413,0.0052045104445781745,0.16567741209586415,0.7853981633974483
3.0009999999997805,619.7888771666155,396.9215540278538,394.13988211582586,46.90920354908335,0.6652169472288739,0.0052054272000194276,0.11845941063213677,0.7853981633974483
